{"cameraMode":{"drawMode":0,"name":"Shaded","section":"Shading Mode"},"sceneLighting":false,"audioPlay":false,"sceneViewState":{"showFog":true,"showMaterialUpdate":false,"showSkybox":false,"showFlares":true,"showImageEffects":true,"showParticleSystems":true},"in2DMode":false,"pivot":{"x":136.39999389648438,"y":9.739999771118164,"z":46.58000183105469},"rotation":{"x":-0.06207266449928284,"y":0.6712018847465515,"z":-0.05645707622170448,"w":-0.7366056442260742},"size":7.144710063934326,"orthographic":false}