{"cameraMode":{"drawMode":0,"name":"Shaded","section":"Shading Mode"},"sceneLighting":false,"audioPlay":false,"sceneViewState":{"showFog":true,"showMaterialUpdate":false,"showSkybox":false,"showFlares":true,"showImageEffects":true,"showParticleSystems":true},"in2DMode":false,"pivot":{"x":136.46299743652345,"y":10.119999885559082,"z":13.970000267028809},"rotation":{"x":0.09558277577161789,"y":-0.07646621763706207,"z":0.007279524113982916,"w":0.992525041103363},"size":10.0,"orthographic":false}